,armorDestroy,itemAttach,itemDetach,itemDrop,itemEquip,itemPickup,itemUnequip,playerAttack,playerKill,playerPosition,playerTakeDamage,swimEnd,swimStart,t,vehicleDestroy,vehicleLeave,vehicleRide,x,y,z
1527978961.21,,,,,,,,,,<playerPosition.playerPosition object at 0x00000184B9EA1048>,,,,1527978961.21,,,,344172.78125,170480.03125,1453.43310546875
1527978971.294,,,,,,,,,,<playerPosition.playerPosition object at 0x00000184B9EC1F98>,,,,1527978971.294,,,,344172.78125,170480.03125,1453.43310546875
1527978981.243,,,,,,,,,,<playerPosition.playerPosition object at 0x00000184B9EE78D0>,,,,1527978981.243,,,,343563.875,172134.5625,1453.429931640625
1527978991.281,,,,,,,,,,<playerPosition.playerPosition object at 0x00000184BA249B70>,,,,1527978991.281,,,,340621.15625,173565.640625,1683.1199951171875
1527979001.223,,,,,,,,,,<playerPosition.playerPosition object at 0x00000184BA4C70B8>,,,,1527979001.223,,,,337456.03125,174582.78125,1683.179931640625
1527979011.222,,,,,,,,,,<playerPosition.playerPosition object at 0x00000184BA4D16D8>,,,,1527979011.222,,,,334220.5,172926.71875,1834.93994140625
1527979021.229,,,,,,,,,,<playerPosition.playerPosition object at 0x00000184BA4D5C18>,,,,1527979021.229,,,,334435.0625,168511.640625,1738.489990234375
