,armorDestroy,itemAttach,itemDetach,itemDrop,itemEquip,itemPickup,itemUnequip,playerAttack,playerKill,playerPosition,playerTakeDamage,swimEnd,swimStart,t,vehicleDestroy,vehicleLeave,vehicleRide,x,y,z
1527978972.662,,,,,,,,,,<playerPosition.playerPosition object at 0x00000184B9EC1748>,,,,1527978972.662,,,,343839.0625,170553.859375,1453.429931640625
1527978982.637,,,,,,,,,,<playerPosition.playerPosition object at 0x00000184B9EEA748>,,,,1527978982.637,,,,345976.40625,167789.71875,1578.0206298828125
1527978992.617,,,,,,,,,,<playerPosition.playerPosition object at 0x00000184BA249D30>,,,,1527978992.617,,,,346153.75,166701.71875,1687.22998046875
1527979002.612,,,,,,,,,,<playerPosition.playerPosition object at 0x00000184BA4CB2E8>,,,,1527979002.612,,,,346153.75,166701.71875,1687.22998046875
1527979012.601,,,,,,,,,,<playerPosition.playerPosition object at 0x00000184BA4D1898>,,,,1527979012.601,,,,346153.75,166701.71875,1687.22998046875
1527979022.587,,,,,,,,,,<playerPosition.playerPosition object at 0x00000184BA4D5DD8>,,,,1527979022.587,,,,345578.0,164310.78125,1772.2999267578125
