,armorDestroy,itemAttach,itemDetach,itemDrop,itemEquip,itemPickup,itemUnequip,playerAttack,playerKill,playerPosition,playerTakeDamage,swimEnd,swimStart,t,vehicleDestroy,vehicleLeave,vehicleRide,x,y,z
1527978960.555,,,,,,,,,,<playerPosition.playerPosition object at 0x00000184B9EA1F28>,,,,1527978960.555,,,,561125.1875,128608.09375,25679.900390625
1527978970.56,,,,,,,,,,<playerPosition.playerPosition object at 0x00000184B9EB0400>,,,,1527978970.56,,,,561088.0625,126034.578125,25678.4296875
1527978980.597,,,,,,,,,,<playerPosition.playerPosition object at 0x00000184B9EE3630>,,,,1527978980.597,,,,564717.8125,123259.546875,25670.619140625
1527978990.568,,,,,,,,,,<playerPosition.playerPosition object at 0x00000184BA2499E8>,,,,1527978990.568,,,,568722.6875,118822.875,25751.638671875
1527979000.558,,,,,,,,,,<playerPosition.playerPosition object at 0x00000184BA4C7F60>,,,,1527979000.558,,,,574401.125,116336.9375,25582.5390625
1527979010.568,,,,,,,,,,<playerPosition.playerPosition object at 0x00000184BA4D1550>,,,,1527979010.568,,,,579097.4375,115089.3359375,25507.9296875
