,armorDestroy,elapsedTime,itemAttach,itemDetach,itemDrop,itemEquip,itemPickup,itemUnequip,playerAttack,playerKill,playerPosition,playerTakeDamage,swim,swimEnd,swimStart,t,vehicleDestroy,vehicleLeave,vehicleRide,x,y,z
1527978960.555,,0.0,,,,,,,,,<playerPosition.playerPosition object at 0x000001B477334F60>,,0.0,,,1527978960.555,,,,561125.1875,128608.09375,25679.900390625
1527978970.56,,0.0,,,,,,,,,<playerPosition.playerPosition object at 0x000001B47734B2E8>,,0.0,,,1527978970.56,,,,561088.0625,126034.578125,25678.4296875
1527978980.597,,0.0,,,,,,,,,<playerPosition.playerPosition object at 0x000001B477376668>,,0.0,,,1527978980.597,,,,564717.8125,123259.546875,25670.619140625
1527978990.568,,0.0,,,,,,,,,<playerPosition.playerPosition object at 0x000001B477744B00>,,0.0,,,1527978990.568,,,,568722.6875,118822.875,25751.638671875
1527979000.558,,0.0,,,,,,,,,<playerPosition.playerPosition object at 0x000001B4773BD128>,,0.0,,,1527979000.558,,,,574401.125,116336.9375,25582.5390625
1527979010.568,,0.0,,,,,,,,,<playerPosition.playerPosition object at 0x000001B477499668>,,0.0,,,1527979010.568,,,,579097.4375,115089.3359375,25507.9296875
